{"ExperienceGUID":"5c3601752b5e774c421a6cbe","ExperienceType":"1","ExperienceTitle":"card and page image text","ExperienceCard":{"ExperienceCardGUID":"5c3601752b5e774c421a6cbc","Type":"BACKGROUND_IMAGE_TEXT","Title":"Card 1","Content":"<p class=\"ql-align-center\"><span style=\"color: rgb(255, 255, 255);\">card and page image text</span></p>","Settings":[{"Type":"IMAGE","Height":593,"Width":720,"Value":"4938615d-154a-4bfc-a434-aad956203e9d"},{"Type":"TEXT","Default":"rgb(255, 255, 255)"},{"Type":"OPACITY_COLOR","Default":"#000000"},{"Type":"OPACITY","Default":0}],"CreatedAt":"2019-01-09T14:13:09.488Z","UpdatedAt":"2019-01-09T14:13:09.488Z"},"ExperiencePages":{"ExperiencePageGUID":"5c3601752b5e774c421a6cbd","PageGUID":"adf9f140-1418-11e9-9dc1-873ef15007b5","ParentPageGUID":null,"IsRoot":true,"IsSplash":false,"Title":"Page 1","Sections":[{"SectionGUID":"ae94aaa0-1418-11e9-9dc1-873ef15007b5","Type":"EDITOR","Html":"7cdbd019-0861-4bce-8edd-69c6e8926d7b","IsCompleted":false,"IsContent":true}],"IsCompleted":false,"IsConnected":false,"CreatedAt":"2019-01-09T14:13:09.509Z","UpdatedAt":"2019-01-09T14:13:09.509Z","IsContent":false},"ExperiencePageNumber":1,"ExperienceStreams":[],"CreatedAt":"2019-01-09T14:13:09.524Z","UpdatedAt":"2019-01-09T14:13:09.525Z"}