{"ExperienceGUID":"5c4369bd2dd4b9c50169b2fb","ExperienceType":"0","ExperienceTitle":"New Experience","ExperienceCard":{"ExperienceCardGUID":"5c4369bd2dd4b9c50169b2fa","Type":"IMAGE","Title":"Card 1","Content":"","Settings":[{"Type":"IMAGE","Height":159,"Width":318,"Value":"69daff74-5fbb-44b1-8825-5c2dc7529526"},{"Type":"OPACITY_COLOR","Default":"#000000"},{"Type":"OPACITY","Default":0}],"CreatedAt":"2019-01-19T18:17:33.305Z","UpdatedAt":"2019-01-19T20:21:03.118Z"},"ExperiencePages":[],"ExperiencePageNumber":0,"ExperienceStreams":[],"CreatedBy":"13152c85-cf50-482d-a877-567224c62ed1","UpdatedBy":"4beec296-ee55-4b80-9f94-6f45d452479b","CreatedAt":"2019-01-19T18:17:33.382Z","UpdatedAt":"2019-01-19T20:21:03.141Z"}