{"ExperienceGUID":"5c36031e2b5e774c421a6cc4","ExperienceType":"1","ExperienceTitle":"card and page image","ExperienceCard":{"ExperienceCardGUID":"5c36031e2b5e774c421a6cc2","Type":"IMAGE","Title":"Card 1","Content":"","Settings":[{"Type":"IMAGE","Height":159,"Width":318,"Value":"66b4de7c-409a-46b0-b11a-92b6b67de869"},{"Type":"OPACITY_COLOR","Default":"#000000"},{"Type":"OPACITY","Default":55.177}],"CreatedAt":"2019-01-09T14:20:14.064Z","UpdatedAt":"2019-01-09T14:20:14.064Z"},"ExperiencePages":{"ExperiencePageGUID":"5c36031e2b5e774c421a6cc3","PageGUID":"a7a028e0-1419-11e9-b5b8-c140ebe39e37","ParentPageGUID":null,"IsRoot":true,"IsSplash":false,"Title":"Page 1","Sections":[{"SectionGUID":"a8a5d910-1419-11e9-b5b8-c140ebe39e37","Type":"EDITOR","Html":"fd5a7e99-2921-4a99-9fa7-b62b2fafa728","IsCompleted":false,"IsContent":true}],"IsCompleted":false,"IsConnected":false,"CreatedAt":"2019-01-09T14:20:14.078Z","UpdatedAt":"2019-01-09T14:20:14.078Z","IsContent":false},"ExperiencePageNumber":1,"ExperienceStreams":[],"CreatedAt":"2019-01-09T14:20:14.090Z","UpdatedAt":"2019-01-09T14:20:14.090Z"}