{"ExperienceGUID":"5c3602c32b5e774c421a6cc1","ExperienceType":"1","ExperienceTitle":"card and page video","ExperienceCard":{"ExperienceCardGUID":"5c3602c32b5e774c421a6cbf","Type":"VIDEO","Title":"Card 1","Content":"https://vimeo.com/channels/staffpicks/287019927","Settings":[{"Type":"VIDEO"}],"CreatedAt":"2019-01-09T14:18:43.578Z","UpdatedAt":"2019-01-09T14:18:43.578Z"},"ExperiencePages":{"ExperiencePageGUID":"5c3602c32b5e774c421a6cc0","PageGUID":"6b598e80-1419-11e9-b5b8-c140ebe39e37","ParentPageGUID":null,"IsRoot":true,"IsSplash":false,"Title":"Page 1","Sections":[{"SectionGUID":"6d616c70-1419-11e9-b5b8-c140ebe39e37","Type":"VIDEO","VideoUrl":"https://vimeo.com/channels/staffpicks/287060201","VideoInput":"https://vimeo.com/channels/staffpicks/287060201","IsCompleted":false,"IsContent":true},{"SectionGUID":"6e467540-1419-11e9-b5b8-c140ebe39e37","Type":"EDITOR","Html":"8e63a431-5165-4c58-bb7a-070cad7aab80","IsCompleted":false,"IsContent":true}],"IsCompleted":false,"IsConnected":false,"CreatedAt":"2019-01-09T14:18:43.593Z","UpdatedAt":"2019-01-09T14:18:43.593Z","IsContent":false},"ExperiencePageNumber":1,"ExperienceStreams":[],"CreatedAt":"2019-01-09T14:18:43.605Z","UpdatedAt":"2019-01-09T14:18:43.605Z"}