{"ExperienceGUID":"5c4362e43276cfc4ed7f00c7","ExperienceType":"0","ExperienceTitle":"New Experience","ExperienceCard":{"ExperienceCardGUID":"5c4362e33276cfc4ed7f00c6","Type":"BACKGROUND_IMAGE_TEXT","Title":"Card 1","Content":"<p class=\"ql-align-center\"><span style=\"color: rgb(255, 255, 255);\">Lorem Ipsum is simply dummy text.</span></p>","Settings":[{"Type":"IMAGE","Height":159,"Width":318,"Value":"5e3c3f37-7a49-4309-9df2-5963dceceb0c"},{"Type":"TEXT","Default":"rgb(255, 255, 255)"},{"Type":"OPACITY_COLOR","Default":"#000000"},{"Type":"OPACITY","Default":0}],"CreatedAt":"2019-01-19T17:48:19.991Z","UpdatedAt":"2019-01-19T17:48:19.992Z"},"ExperiencePages":[],"ExperiencePageNumber":0,"ExperienceStreams":[],"CreatedBy":"b0cd4cfa-8bac-4eab-a1df-b7167dd5760b","UpdatedBy":"","CreatedAt":"2019-01-19T17:48:20.028Z","UpdatedAt":"2019-01-19T17:48:20.028Z"}