{"ExperienceGUID":"5c3600a22b5e774c421a6cb8","ExperienceType":"1","ExperienceTitle":"card and page left","ExperienceCard":{"ExperienceCardGUID":"5c3600a22b5e774c421a6cb5","Type":"LEFT_IMAGE_TEXT","Title":"Card 1","Content":"<p><span class=\"ql-font-Monoton\" style=\"color: rgb(255, 153, 0); font-size: 12px;\">card </span></p><p><span class=\"ql-font-Monoton\" style=\"color: rgb(255, 153, 0); font-size: 12px;\">and</span></p><p><span class=\"ql-font-Monoton\" style=\"color: rgb(255, 153, 0); font-size: 12px;\"> page </span></p><p><span style=\"color: rgb(255, 153, 0); font-size: 12px;\" class=\"ql-font-Monoton\"><span class=\"ql-cursor\">﻿</span>left</span></p>","Settings":[{"Type":"IMAGE","Height":156,"Width":323,"Value":"64f842f6-c169-4bb0-90f7-d4889908ec8b"},{"Type":"BACKGROUND_COLOR","Default":"#F1F7FE"},{"Type":"TEXT","Default":"rgb(0, 0, 0)"},{"Type":"OPACITY_COLOR","Default":"#000000"},{"Type":"OPACITY","Default":0}],"CreatedAt":"2019-01-09T14:09:38.711Z","UpdatedAt":"2019-01-09T14:09:38.711Z"},"ExperiencePages":{"ExperiencePageGUID":"5c3600a22b5e774c421a6cb6","PageGUID":"bdecd910-1417-11e9-9dc1-873ef15007b5","ParentPageGUID":null,"IsRoot":true,"IsSplash":true,"Title":"Page 1","Sections":[{"SectionGUID":"be9c52f0-1417-11e9-9dc1-873ef15007b5","Type":"EDITOR","Html":"ec34a28a-5874-4e8b-8d34-0308fb9edd6a","IsCompleted":false,"IsContent":true},{"SectionGUID":"c4d668e0-1417-11e9-9dc1-873ef15007b5","Type":"H5P","H5p":"e74aa944-df89-4d1f-b01b-2b742ec48f38","H5pLabel":"1.h5p","H5pFileName":"1.h5p","H5pBgColor":"#ffffff","IsCompleted":false,"IsContent":true},{"SectionGUID":"d6bb1920-1417-11e9-9dc1-873ef15007b5","Type":"EMBED_PDF","Pdf":"d73572f9-f763-497b-9dd8-53c423121eb2","PdfLabel":"1.pdf","PdfFileName":"1.pdf","PdfBgColor":"#ffffff","IsCompleted":false,"IsContent":true},{"SectionGUID":"f0ee6770-1417-11e9-9dc1-873ef15007b5","Type":"VIDEO","VideoUrl":"https://www.youtube.com/watch?v=g4ewW7TZOsw","VideoInput":"https://www.youtube.com/watch?v=g4ewW7TZOsw","IsCompleted":false,"IsContent":true},{"SectionGUID":"fb429980-1417-11e9-9dc1-873ef15007b5","Type":"LINK","Link":"https://www.google.ca","LinkInput":"https://www.google.ca","LinkLabel":"<p><span style=\"color: rgb(255, 153, 0);\" class=\"ql-font-Roboto\">https://www.google.ca</span></p>","LinkBgColor":"#ffffff","IsCompleted":false,"IsContent":true},{"SectionGUID":"1578ce00-1418-11e9-9dc1-873ef15007b5","Type":"IMAGE","Img":"4e93dc57-d923-496d-9acf-320df25f064c","Height":593,"Width":720,"ImgOpacityColor":"#da8e8e","ImgOpacity":"47.822","IsCompleted":false,"IsContent":true},{"ExperiencePageGUID":"5c3600a22b5e774c421a6cb7","PageGUID":"27eb6660-1418-11e9-9dc1-873ef15007b5","ParentPageGUID":"bdecd910-1417-11e9-9dc1-873ef15007b5","IsRoot":false,"IsSplash":false,"Title":"Page 2","Sections":[{"SectionGUID":"290031c0-1418-11e9-9dc1-873ef15007b5","Type":"EDITOR","Html":"bb2a4139-c57e-47de-a30b-bbfc50f6e410","IsCompleted":false,"IsContent":true}],"IsCompleted":false,"IsConnected":true,"CreatedAt":"2019-01-09T14:09:38.734Z","UpdatedAt":"2019-01-09T14:09:38.734Z","IsContent":false,"SectionGUID":"243b0890-1418-11e9-9dc1-873ef15007b5","Type":"AD_BUTTON_2","BtnContent":"<p><span style=\"color: rgb(0, 0, 0);\">go to page 2</span></p>","AdBtnColor":"#000000","AdBtnBgColor":"#ffffff"}],"IsCompleted":false,"IsConnected":false,"CreatedAt":"2019-01-09T14:09:38.727Z","UpdatedAt":"2019-01-09T14:09:38.727Z","SplashImg":"1948606a-124d-403a-a06b-240c0ea93803","SplashHeight":159,"SplashWidth":318,"SplashContent":"<p class=\"ql-align-center\"><span style=\"color: rgb(255, 255, 255); font-size: 16px;\">splash here</span></p>","SplashColor":"#ffffff","SplashOpacityColor":"#000000","SplashOpacity":"30","IsContent":false},"ExperiencePageNumber":2,"ExperienceStreams":[],"CreatedAt":"2019-01-09T14:09:38.777Z","UpdatedAt":"2019-01-09T14:09:38.777Z"}