{"ExperienceGUID":"5c36035b2b5e774c421a6cc7","ExperienceType":"1","ExperienceTitle":"card and page right","ExperienceCard":{"ExperienceCardGUID":"5c36035b2b5e774c421a6cc5","Type":"RIGHT_IMAGE_TEXT","Title":"Card 1","Content":"<p>card and page right</p>","Settings":[{"Type":"IMAGE","Height":58,"Width":58,"Value":"d3b1dbce-af9f-4dac-bbf1-707ef30f0797"},{"Type":"BACKGROUND_COLOR","Default":"#F1F7FE"},{"Type":"TEXT","Default":"rgb(0, 0, 0)"},{"Type":"OPACITY_COLOR","Default":"#000000"},{"Type":"OPACITY","Default":0}],"CreatedAt":"2019-01-09T14:21:15.030Z","UpdatedAt":"2019-01-09T14:21:15.030Z"},"ExperiencePages":{"ExperiencePageGUID":"5c36035b2b5e774c421a6cc6","PageGUID":"cc138500-1419-11e9-b5b8-c140ebe39e37","ParentPageGUID":null,"IsRoot":true,"IsSplash":false,"Title":"Page 1","Sections":[{"SectionGUID":"cc844830-1419-11e9-b5b8-c140ebe39e37","Type":"EDITOR","Html":"01a9a29c-cdc8-494f-bbb2-1019a910d7cd","IsCompleted":false,"IsContent":true}],"IsCompleted":false,"IsConnected":false,"CreatedAt":"2019-01-09T14:21:15.045Z","UpdatedAt":"2019-01-09T14:21:15.045Z","IsContent":false},"ExperiencePageNumber":1,"ExperienceStreams":[],"CreatedAt":"2019-01-09T14:21:15.057Z","UpdatedAt":"2019-01-09T14:21:15.057Z"}