{"ExperienceGUID":"5c436265c513d9bbb55e9a6c","ExperienceType":"0","ExperienceTitle":"New Experience","ExperienceCard":{"ExperienceCardGUID":"5c436265c513d9bbb55e9a6b","Type":"BACKGROUND_TEXT","Title":"Card 1","Content":"<p class=\"ql-align-center\"><span style=\"color: rgb(255, 255, 255);\">Lorem Ipsum is simply dummy text.</span></p>","Settings":[{"Type":"BACKGROUND_COLOR","Default":"#4397C9"},{"Type":"TEXT","Default":"rgb(255, 255, 255)"}],"CreatedAt":"2019-01-19T17:46:13.620Z","UpdatedAt":"2019-01-19T17:46:13.620Z"},"ExperiencePages":[],"ExperiencePageNumber":0,"ExperienceStreams":[],"CreatedBy":"4beec296-ee55-4b80-9f94-6f45d452479b","UpdatedBy":"","CreatedAt":"2019-01-19T17:46:13.658Z","UpdatedAt":"2019-01-19T17:46:13.658Z"}