{"ExperienceGUID":"5c3601142b5e774c421a6cbb","ExperienceType":"1","ExperienceTitle":"card and page text","ExperienceCard":{"ExperienceCardGUID":"5c3601142b5e774c421a6cb9","Type":"BACKGROUND_TEXT","Title":"Card 1","Content":"<p class=\"ql-align-center\"><span style=\"color: rgb(255, 255, 255);\">card and page text</span></p>","Settings":[{"Type":"BACKGROUND_COLOR","Default":"#4397C9"},{"Type":"TEXT","Default":"rgb(255, 255, 255)"}],"CreatedAt":"2019-01-09T14:11:32.811Z","UpdatedAt":"2019-01-09T14:11:32.811Z"},"ExperiencePages":{"ExperiencePageGUID":"5c3601142b5e774c421a6cba","PageGUID":"5f4a5b70-1418-11e9-9dc1-873ef15007b5","ParentPageGUID":null,"IsRoot":true,"IsSplash":false,"Title":"Page 1","Sections":[{"SectionGUID":"6021a8a0-1418-11e9-9dc1-873ef15007b5","Type":"EDITOR","Html":"e37ca3c1-b439-4f86-b873-55eaa3033093","IsCompleted":false,"IsContent":true},{"SectionGUID":"690b7540-1418-11e9-9dc1-873ef15007b5","Type":"EMBED_PDF","Pdf":"2ddb27fe-bf10-43af-adbc-398e35536c39","PdfLabel":"1mb_pdf.pdf","PdfFileName":"1mb_pdf.pdf","PdfBgColor":"#ffffff","IsCompleted":false,"IsContent":true},{"SectionGUID":"6e6404d0-1418-11e9-9dc1-873ef15007b5","Type":"IMAGE","Img":"258beedd-4441-4a23-90d1-860ee0f338f4","Height":159,"Width":318,"ImgOpacityColor":"#000000","ImgOpacity":"0","IsCompleted":false,"IsContent":true},{"SectionGUID":"731f1be0-1418-11e9-9dc1-873ef15007b5","Type":"IMAGE","Img":"258beedd-4441-4a23-90d1-860ee0f338f4","Height":159,"Width":318,"ImgOpacityColor":"#000000","ImgOpacity":"0","IsCompleted":false,"IsContent":true},{"SectionGUID":"74337210-1418-11e9-9dc1-873ef15007b5","Type":"IMAGE","Img":"258beedd-4441-4a23-90d1-860ee0f338f4","Height":159,"Width":318,"ImgOpacityColor":"#000000","ImgOpacity":"0","IsCompleted":false,"IsContent":true}],"IsCompleted":false,"IsConnected":false,"CreatedAt":"2019-01-09T14:11:32.829Z","UpdatedAt":"2019-01-09T14:11:32.829Z","IsContent":false},"ExperiencePageNumber":1,"ExperienceStreams":[],"CreatedAt":"2019-01-09T14:11:32.844Z","UpdatedAt":"2019-01-09T14:11:32.844Z"}