{"ExperienceGUID":"5c35fefc2b5e774c421a6cb2","ExperienceType":"0","ExperienceTitle":"card only image","ExperienceCard":{"ExperienceCardGUID":"5c35fefc2b5e774c421a6cb1","Type":"IMAGE","Title":"Card 1","Content":"","Settings":[{"Type":"IMAGE","Height":183,"Width":275,"Value":"b7482229-5b5f-4fb3-bd94-5875a325a4f2"},{"Type":"OPACITY_COLOR","Default":"#000000"},{"Type":"OPACITY","Default":0}],"CreatedAt":"2019-01-09T14:02:36.090Z","UpdatedAt":"2019-01-09T14:02:36.090Z"},"ExperiencePages":[],"ExperiencePageNumber":0,"ExperienceStreams":[],"CreatedAt":"2019-01-09T14:02:36.105Z","UpdatedAt":"2019-01-09T14:02:36.105Z"}