{"ExperienceGUID":"5c4391b50e17fcdb796d6cd5","ExperienceType":"1","ExperienceTitle":"New Experience","ExperienceCard":{"ExperienceCardGUID":"5c4391b50e17fcdb796d6cd3","Type":"BACKGROUND_TEXT","Title":"Card 1","Content":"<p class=\"ql-align-center\"><span style=\"color: rgb(255, 255, 255);\">Lorem Ipsum is simply dummy text.</span></p>","Settings":[{"Type":"BACKGROUND_COLOR","Default":"#4397C9"},{"Type":"TEXT","Default":"rgb(255, 255, 255)"}],"CreatedAt":"2019-01-19T21:08:05.527Z","UpdatedAt":"2019-01-19T21:23:20.424Z"},"ExperiencePages":{"ExperiencePageGUID":"5c4391b50e17fcdb796d6cd4","PageGUID":"4da9fc90-1c2e-11e9-ba55-c536e30c98f2","ParentPageGUID":null,"IsRoot":true,"IsSplash":false,"Title":"Page 1","Sections":[{"SectionGUID":"4e36d340-1c2e-11e9-ba55-c536e30c98f2","Type":"EDITOR","Html":"e91c5a5f-436b-4c12-940c-ff8396c9d194","IsCompleted":false,"IsContent":true},{"SectionGUID":"dbb29ce0-1c2e-11e9-bedd-57ee8bbfd12f","Type":"EMBED_PDF","Pdf":"925b2070-efd0-4cf8-ba54-49ee5b096429","PdfLabel":"1.pdf","PdfFileName":"1.pdf","PdfBgColor":"#ffffff","IsCompleted":false,"IsContent":true},{"SectionGUID":"e0e9c1c0-1c2e-11e9-bedd-57ee8bbfd12f","Type":"IMAGE","Img":"4ad4c4f9-8a3d-40df-a4da-44188b30b306","Height":183,"Width":276,"ImgOpacityColor":"#000000","ImgOpacity":"0","IsCompleted":false,"IsContent":true}],"IsCompleted":false,"IsConnected":false,"CreatedAt":"2019-01-19T21:08:05.542Z","UpdatedAt":"2019-01-19T21:23:20.441Z","IsContent":false},"ExperiencePageNumber":3,"ExperienceStreams":[],"CreatedBy":"4beec296-ee55-4b80-9f94-6f45d452479b","UpdatedBy":"4beec296-ee55-4b80-9f94-6f45d452479b","CreatedAt":"2019-01-19T21:08:05.561Z","UpdatedAt":"2019-01-19T21:23:20.501Z"}